Month of Year ID,Month of Year,Supersector ID,Supersector,NSA Employees,Date,NSA Employees Growth
"2018-01","January, 2018","15","Mining, Logging, and Construction",7432200,"2018-01-01",4.594902683760925
"2018-01","January, 2018","30","Manufacturing",12535600,"2018-01-01",1.3108765577771673
"2018-01","January, 2018","40","Trade, Transportation, and Utilities",27568500,"2018-01-01",0.830608527727183
"2018-01","January, 2018","50","Information",2825000,"2018-01-01",0.36593597896756314
"2018-01","January, 2018","55","Financial Activities",8425200,"2018-01-01",1.4668689934243804
"2018-01","January, 2018","60","Professional and Business Services",20421300,"2018-01-01",1.9729154807202565
"2018-01","January, 2018","65","Education and Health Services",23400600,"2018-01-01",2.0888411904824227
"2018-01","January, 2018","70","Leisure and Hospitality",15470800,"2018-01-01",1.9680731864858094
"2018-01","January, 2018","80","Other Services",5659200,"2018-01-01",0.8392580317528199
"2018-01","January, 2018","90","Government",22824000,"2018-01-01",0.16676906872641095
"2018-02","February, 2018","15","Mining, Logging, and Construction",7537200,"2018-02-01",4.991015336611459
"2018-02","February, 2018","30","Manufacturing",12600300,"2018-02-01",1.5710900091895463
"2018-02","February, 2018","40","Trade, Transportation, and Utilities",27373700,"2018-02-01",0.9578077745813971
"2018-02","February, 2018","50","Information",2860300,"2018-02-01",0.26992918740797867
"2018-02","February, 2018","55","Financial Activities",8454900,"2018-02-01",1.5506017439765547
"2018-02","February, 2018","60","Professional and Business Services",20595000,"2018-02-01",2.23684994340859
"2018-02","February, 2018","65","Education and Health Services",23728200,"2018-02-01",2.101127801754741
"2018-02","February, 2018","70","Leisure and Hospitality",15637900,"2018-02-01",1.8901731844303418
"2018-02","February, 2018","80","Other Services",5692200,"2018-02-01",0.9112182669124946
"2018-02","February, 2018","90","Government",23241500,"2018-02-01",0.2138677727999862
"2018-03","March, 2018","15","Mining, Logging, and Construction",7663500,"2018-03-01",4.8028664031836765
"2018-03","March, 2018","30","Manufacturing",12631000,"2018-03-01",1.645676578280288
"2018-03","March, 2018","40","Trade, Transportation, and Utilities",27414000,"2018-03-01",0.9954391057994828
"2018-03","March, 2018","50","Information",2853400,"2018-03-01",0.6064452436358508
"2018-03","March, 2018","55","Financial Activities",8463300,"2018-03-01",1.4382798173384632
"2018-03","March, 2018","60","Professional and Business Services",20691800,"2018-03-01",2.1438973219795137
"2018-03","March, 2018","65","Education and Health Services",23784600,"2018-03-01",2.01415397812567
"2018-03","March, 2018","70","Leisure and Hospitality",15905200,"2018-03-01",1.7769956806910896
"2018-03","March, 2018","80","Other Services",5724400,"2018-03-01",0.8491596490609914
"2018-03","March, 2018","90","Government",23329300,"2018-03-01",0.19627549004449485
"2018-04","April, 2018","15","Mining, Logging, and Construction",7837700,"2018-04-01",4.430261685231573
"2018-04","April, 2018","30","Manufacturing",12642600,"2018-04-01",1.6792935385803214
"2018-04","April, 2018","40","Trade, Transportation, and Utilities",27460600,"2018-04-01",0.7680367542098909
"2018-04","April, 2018","50","Information",2837600,"2018-04-01",0.25438100621820237
"2018-04","April, 2018","55","Financial Activities",8482600,"2018-04-01",1.4604389689611865
"2018-04","April, 2018","60","Professional and Business Services",20860700,"2018-04-01",2.1431719140185086
"2018-04","April, 2018","65","Education and Health Services",23845100,"2018-04-01",1.9910520282639566
"2018-04","April, 2018","70","Leisure and Hospitality",16179800,"2018-04-01",1.4623806955714698
"2018-04","April, 2018","80","Other Services",5760300,"2018-04-01",0.919793966151582
"2018-04","April, 2018","90","Government",23342600,"2018-04-01",0.15575187824751247
"2018-05","May, 2018","15","Mining, Logging, and Construction",8035000,"2018-05-01",4.429310389644147
"2018-05","May, 2018","30","Manufacturing",12688900,"2018-05-01",1.7129985892009747
"2018-05","May, 2018","40","Trade, Transportation, and Utilities",27667300,"2018-05-01",0.9619139021373027
"2018-05","May, 2018","50","Information",2847700,"2018-05-01",0.15827236916150816
"2018-05","May, 2018","55","Financial Activities",8516700,"2018-05-01",1.3808373111764496
"2018-05","May, 2018","60","Professional and Business Services",20934200,"2018-05-01",2.033435687478676
"2018-05","May, 2018","65","Education and Health Services",23789800,"2018-05-01",1.8425130782468726
"2018-05","May, 2018","70","Leisure and Hospitality",16571400,"2018-05-01",1.5472856626365747
"2018-05","May, 2018","80","Other Services",5802700,"2018-05-01",0.9990775068316711
"2018-05","May, 2018","90","Government",23368800,"2018-05-01",0.3030277017108618
"2018-06","June, 2018","15","Mining, Logging, and Construction",8212000,"2018-06-01",4.478371501272265
"2018-06","June, 2018","30","Manufacturing",12816300,"2018-06-01",1.711823246512071
"2018-06","June, 2018","40","Trade, Transportation, and Utilities",27777500,"2018-06-01",0.8587197269525435
"2018-06","June, 2018","50","Information",2881400,"2018-06-01",0.7658681587690156
"2018-06","June, 2018","55","Financial Activities",8598100,"2018-06-01",1.3317462375222449
"2018-06","June, 2018","60","Professional and Business Services",21117700,"2018-06-01",2.0277321480336266
"2018-06","June, 2018","65","Education and Health Services",23543500,"2018-06-01",1.859943929115326
"2018-06","June, 2018","70","Leisure and Hospitality",16941500,"2018-06-01",1.429101707498144
"2018-06","June, 2018","80","Other Services",5876200,"2018-06-01",1.0594021944759744
"2018-06","June, 2018","90","Government",22861700,"2018-06-01",0.4755312369525567
"2018-07","July, 2018","15","Mining, Logging, and Construction",8255900,"2018-07-01",4.515647154142192
"2018-07","July, 2018","30","Manufacturing",12839100,"2018-07-01",1.9477838301386396
"2018-07","July, 2018","40","Trade, Transportation, and Utilities",27739000,"2018-07-01",0.9230388607728495
"2018-07","July, 2018","50","Information",2868600,"2018-07-01",0.5045196552449023
"2018-07","July, 2018","55","Financial Activities",8628100,"2018-07-01",1.3282442748091603
"2018-07","July, 2018","60","Professional and Business Services",21144500,"2018-07-01",2.1828848681667052
"2018-07","July, 2018","65","Education and Health Services",23377800,"2018-07-01",1.9453420374416202
"2018-07","July, 2018","70","Leisure and Hospitality",16964400,"2018-07-01",1.6349639037833628
"2018-07","July, 2018","80","Other Services",5857100,"2018-07-01",1.1746212710093107
"2018-07","July, 2018","90","Government",21718300,"2018-07-01",0.36043862608189353
"2018-08","August, 2018","15","Mining, Logging, and Construction",8291900,"2018-08-01",4.715539559259961
"2018-08","August, 2018","30","Manufacturing",12858100,"2018-08-01",1.8996069232232298
"2018-08","August, 2018","40","Trade, Transportation, and Utilities",27765400,"2018-08-01",0.8045367741560715
"2018-08","August, 2018","50","Information",2882200,"2018-08-01",0.6214215891635246
"2018-08","August, 2018","55","Financial Activities",8627300,"2018-08-01",1.3271789812433201
"2018-08","August, 2018","60","Professional and Business Services",21250000,"2018-08-01",2.398781815903856
"2018-08","August, 2018","65","Education and Health Services",23512600,"2018-08-01",2.0614036991539955
"2018-08","August, 2018","70","Leisure and Hospitality",16973100,"2018-08-01",1.6639413487628256
"2018-08","August, 2018","80","Other Services",5839200,"2018-08-01",1.2379070009362323
"2018-08","August, 2018","90","Government",22045500,"2018-08-01",0.708069710605057
"2018-09","September, 2018","15","Mining, Logging, and Construction",8244400,"2018-09-01",4.842565745968767
"2018-09","September, 2018","30","Manufacturing",12819700,"2018-09-01",2.0636121173520166
"2018-09","September, 2018","40","Trade, Transportation, and Utilities",27685900,"2018-09-01",0.8748150901048612
"2018-09","September, 2018","50","Information",2857200,"2018-09-01",0.5419100570061228
"2018-09","September, 2018","55","Financial Activities",8556400,"2018-09-01",1.1849294009129396
"2018-09","September, 2018","60","Professional and Business Services",21150700,"2018-09-01",2.213834897499589
"2018-09","September, 2018","65","Education and Health Services",23799200,"2018-09-01",1.929443609280174
"2018-09","September, 2018","70","Leisure and Hospitality",16489900,"2018-09-01",1.6934623472892885
"2018-09","September, 2018","80","Other Services",5783000,"2018-09-01",1.24831486247527
"2018-09","September, 2018","90","Government",23017600,"2018-09-01",0.3562101334589007
"2018-10","October, 2018","15","Mining, Logging, and Construction",8275600,"2018-10-01",4.6921451794502005
"2018-10","October, 2018","30","Manufacturing",12832700,"2018-10-01",2.1232064555662546
"2018-10","October, 2018","40","Trade, Transportation, and Utilities",27882300,"2018-10-01",0.7658002775529085
"2018-10","October, 2018","50","Information",2870500,"2018-10-01",0.6839705366538057
"2018-10","October, 2018","55","Financial Activities",8591900,"2018-10-01",1.268224838819938
"2018-10","October, 2018","60","Professional and Business Services",21373300,"2018-10-01",2.4047260844984044
"2018-10","October, 2018","65","Education and Health Services",24116600,"2018-10-01",2.0652937541792573
"2018-10","October, 2018","70","Leisure and Hospitality",16344000,"2018-10-01",1.655699162820784
"2018-10","October, 2018","80","Other Services",5821900,"2018-10-01",1.5843380851843452
"2018-10","October, 2018","90","Government",23383800,"2018-10-01",0.30756559898078684
"2018-11","November, 2018","15","Mining, Logging, and Construction",8187400,"2018-11-01",4.399163521371008
"2018-11","November, 2018","30","Manufacturing",12857000,"2018-11-01",2.1101871927441964
"2018-11","November, 2018","40","Trade, Transportation, and Utilities",28577400,"2018-11-01",0.8665144236708446
"2018-11","November, 2018","50","Information",2889800,"2018-11-01",0.7847103546890802
"2018-11","November, 2018","55","Financial Activities",8603100,"2018-11-01",1.4181638138350545
"2018-11","November, 2018","60","Professional and Business Services",21456000,"2018-11-01",2.314181214742474
"2018-11","November, 2018","65","Education and Health Services",24200700,"2018-11-01",2.053665180886998
"2018-11","November, 2018","70","Leisure and Hospitality",16124700,"2018-11-01",1.5032198364587464
"2018-11","November, 2018","80","Other Services",5806600,"2018-11-01",1.4005308745459626
"2018-11","November, 2018","90","Government",23534300,"2018-11-01",0.5026348829462859
"2018-12","December, 2018","15","Mining, Logging, and Construction",8077900,"2018-12-01",4.344063242740519
"2018-12","December, 2018","30","Manufacturing",12888600,"2018-12-01",2.0127747481063456
"2018-12","December, 2018","40","Trade, Transportation, and Utilities",28726100,"2018-12-01",0.6548887144699221
"2018-12","December, 2018","50","Information",2883700,"2018-12-01",0.30958675386113815
"2018-12","December, 2018","55","Financial Activities",8613200,"2018-12-01",1.2019880388678048
"2018-12","December, 2018","60","Professional and Business Services",21322900,"2018-12-01",1.994652227361654
"2018-12","December, 2018","65","Education and Health Services",24182300,"2018-12-01",1.9434010783557394
"2018-12","December, 2018","70","Leisure and Hospitality",16143100,"2018-12-01",1.7779346955759687
"2018-12","December, 2018","80","Other Services",5794200,"2018-12-01",1.101010277259165
"2018-12","December, 2018","90","Government",23422000,"2018-12-01",0.35691790888095737
"2019-01","January, 2019","15","Mining, Logging, and Construction",7805100,"2019-01-01",5.017356906434165
"2019-01","January, 2019","30","Manufacturing",12796300,"2019-01-01",2.07967707967708
"2019-01","January, 2019","40","Trade, Transportation, and Utilities",27831300,"2019-01-01",0.9532618749659938
"2019-01","January, 2019","50","Information",2851000,"2019-01-01",0.9203539823008848
"2019-01","January, 2019","55","Financial Activities",8537600,"2019-01-01",1.3340929592175854
"2019-01","January, 2019","60","Professional and Business Services",20842600,"2019-01-01",2.0630420198518213
"2019-01","January, 2019","65","Education and Health Services",23894400,"2019-01-01",2.110202302505064
"2019-01","January, 2019","70","Leisure and Hospitality",15772100,"2019-01-01",1.94753988158337
"2019-01","January, 2019","80","Other Services",5734900,"2019-01-01",1.3376448968052022
"2019-01","January, 2019","90","Government",22921300,"2019-01-01",0.4263056431826148
"2019-02","February, 2019","15","Mining, Logging, and Construction",7810000,"2019-02-01",3.619381202568593
"2019-02","February, 2019","30","Manufacturing",12843100,"2019-02-01",1.9269382475020438
"2019-02","February, 2019","40","Trade, Transportation, and Utilities",27529600,"2019-02-01",0.5695247628197868
"2019-02","February, 2019","50","Information",2890100,"2019-02-01",1.0418487571233785
"2019-02","February, 2019","55","Financial Activities",8566200,"2019-02-01",1.3163964091828408
"2019-02","February, 2019","60","Professional and Business Services",20980200,"2019-02-01",1.8703568827385288
"2019-02","February, 2019","65","Education and Health Services",24210900,"2019-02-01",2.034288315169292
"2019-02","February, 2019","70","Leisure and Hospitality",15921100,"2019-02-01",1.8109848509070912
"2019-02","February, 2019","80","Other Services",5765300,"2019-02-01",1.284213485119989
"2019-02","February, 2019","90","Government",23324000,"2019-02-01",0.3549684831013489
"2019-03","March, 2019","15","Mining, Logging, and Construction",7931300,"2019-03-01",3.4944868532654794
"2019-03","March, 2019","30","Manufacturing",12853400,"2019-03-01",1.760747367587681
"2019-03","March, 2019","40","Trade, Transportation, and Utilities",27535600,"2019-03-01",0.44356897935361495
"2019-03","March, 2019","50","Information",2883500,"2019-03-01",1.0548818952828205
"2019-03","March, 2019","55","Financial Activities",8571100,"2019-03-01",1.2737348315668828
"2019-03","March, 2019","60","Professional and Business Services",21016800,"2019-03-01",1.5706705071574247
"2019-03","March, 2019","65","Education and Health Services",24275500,"2019-03-01",2.063940532949892
"2019-03","March, 2019","70","Leisure and Hospitality",16175400,"2019-03-01",1.6988154817292458
"2019-03","March, 2019","80","Other Services",5795900,"2019-03-01",1.2490392006149116
"2019-03","March, 2019","90","Government",23425100,"2019-03-01",0.41064241104533783
"2019-04","April, 2019","15","Mining, Logging, and Construction",8124900,"2019-04-01",3.6643403039156897
"2019-04","April, 2019","30","Manufacturing",12845100,"2019-04-01",1.6017274927625649
"2019-04","April, 2019","40","Trade, Transportation, and Utilities",27578000,"2019-04-01",0.427521612783406
"2019-04","April, 2019","50","Information",2867500,"2019-04-01",1.053707358330984
"2019-04","April, 2019","55","Financial Activities",8603400,"2019-04-01",1.4240916700068376
"2019-04","April, 2019","60","Professional and Business Services",21257000,"2019-04-01",1.8997444956305398
"2019-04","April, 2019","65","Education and Health Services",24340200,"2019-04-01",2.076317566292446
"2019-04","April, 2019","70","Leisure and Hospitality",16484300,"2019-04-01",1.8819762914251101
"2019-04","April, 2019","80","Other Services",5833700,"2019-04-01",1.2742391889311322
"2019-04","April, 2019","90","Government",23464600,"2019-04-01",0.5226495763111221
"2019-05","May, 2019","15","Mining, Logging, and Construction",8294300,"2019-05-01",3.2271313005600497
"2019-05","May, 2019","30","Manufacturing",12871700,"2019-05-01",1.4406292113579586
"2019-05","May, 2019","40","Trade, Transportation, and Utilities",27728300,"2019-05-01",0.22047688064972007
"2019-05","May, 2019","50","Information",2884400,"2019-05-01",1.2887593496505951
"2019-05","May, 2019","55","Financial Activities",8638700,"2019-05-01",1.4324797163220497
"2019-05","May, 2019","60","Professional and Business Services",21311400,"2019-05-01",1.8018362297102348
"2019-05","May, 2019","65","Education and Health Services",24293100,"2019-05-01",2.115612573455851
"2019-05","May, 2019","70","Leisure and Hospitality",16839900,"2019-05-01",1.6202614142438176
"2019-05","May, 2019","80","Other Services",5874700,"2019-05-01",1.2408016957623176
"2019-05","May, 2019","90","Government",23469200,"2019-05-01",0.42963267262332683
"2019-06","June, 2019","15","Mining, Logging, and Construction",8423100,"2019-06-01",2.5706283487579156
"2019-06","June, 2019","30","Manufacturing",12970700,"2019-06-01",1.204715869634762
"2019-06","June, 2019","40","Trade, Transportation, and Utilities",27845200,"2019-06-01",0.24372243722437223
"2019-06","June, 2019","50","Information",2913800,"2019-06-01",1.124453390712848
"2019-06","June, 2019","55","Financial Activities",8717000,"2019-06-01",1.382863655923983
"2019-06","June, 2019","60","Professional and Business Services",21470200,"2019-06-01",1.669215871046563
"2019-06","June, 2019","65","Education and Health Services",24014100,"2019-06-01",1.9988531866544905
"2019-06","June, 2019","70","Leisure and Hospitality",17185200,"2019-06-01",1.4384794734822772
"2019-06","June, 2019","80","Other Services",5937700,"2019-06-01",1.0465947380960485
"2019-06","June, 2019","90","Government",22946600,"2019-06-01",0.3713634594102801
"2019-07","July, 2019","15","Mining, Logging, and Construction",8472300,"2019-07-01",2.6211557795031433
"2019-07","July, 2019","30","Manufacturing",12960800,"2019-07-01",0.9478857552320646
"2019-07","July, 2019","40","Trade, Transportation, and Utilities",27829600,"2019-07-01",0.3266159558744007
"2019-07","July, 2019","50","Information",2907100,"2019-07-01",1.3421181063933627
"2019-07","July, 2019","55","Financial Activities",8760900,"2019-07-01",1.5391569406937797
"2019-07","July, 2019","60","Professional and Business Services",21497800,"2019-07-01",1.6708836813355716
"2019-07","July, 2019","65","Education and Health Services",23878500,"2019-07-01",2.141775530631625
"2019-07","July, 2019","70","Leisure and Hospitality",17225100,"2019-07-01",1.5367475419112966
"2019-07","July, 2019","80","Other Services",5930400,"2019-07-01",1.251472571750525
"2019-07","July, 2019","90","Government",21889700,"2019-07-01",0.78919620780632
"2019-08","August, 2019","15","Mining, Logging, and Construction",8498800,"2019-08-01",2.495206165052642
"2019-08","August, 2019","30","Manufacturing",12959800,"2019-08-01",0.7909411188278206
"2019-08","August, 2019","40","Trade, Transportation, and Utilities",27848800,"2019-08-01",0.3003738465860387
"2019-08","August, 2019","50","Information",2926900,"2019-08-01",1.5508986191104017
"2019-08","August, 2019","55","Financial Activities",8767400,"2019-08-01",1.623914782145051
"2019-08","August, 2019","60","Professional and Business Services",21599500,"2019-08-01",1.6447058823529412
"2019-08","August, 2019","65","Education and Health Services",24034700,"2019-08-01",2.2205115555064094
"2019-08","August, 2019","70","Leisure and Hospitality",17193200,"2019-08-01",1.296757810888995
"2019-08","August, 2019","80","Other Services",5909000,"2019-08-01",1.1953692286614606
"2019-08","August, 2019","90","Government",22243300,"2019-08-01",0.8972352634324465
"2019-09","September, 2019","15","Mining, Logging, and Construction",8435200,"2019-09-01",2.31429819028674
"2019-09","September, 2019","30","Manufacturing",12890400,"2019-09-01",0.5514949647807671
"2019-09","September, 2019","40","Trade, Transportation, and Utilities",27765700,"2019-09-01",0.28823336066373134
"2019-09","September, 2019","50","Information",2902800,"2019-09-01",1.5959680806383874
"2019-09","September, 2019","55","Financial Activities",8692800,"2019-09-01",1.5941283717451267
"2019-09","September, 2019","60","Professional and Business Services",21458200,"2019-09-01",1.4538525911671953
"2019-09","September, 2019","65","Education and Health Services",24318400,"2019-09-01",2.181585935661703
"2019-09","September, 2019","70","Leisure and Hospitality",16725400,"2019-09-01",1.4281469263003415
"2019-09","September, 2019","80","Other Services",5846500,"2019-09-01",1.0980459968874285
"2019-09","September, 2019","90","Government",23180200,"2019-09-01",0.7064159599610733
"2019-10","October, 2019","15","Mining, Logging, and Construction",8433900,"2019-10-01",1.9128522403209436
"2019-10","October, 2019","30","Manufacturing",12822000,"2019-10-01",-0.08338073827020034
"2019-10","October, 2019","40","Trade, Transportation, and Utilities",28041600,"2019-10-01",0.5713301987282254
"2019-10","October, 2019","50","Information",2905300,"2019-10-01",1.2123323462811357
"2019-10","October, 2019","55","Financial Activities",8738000,"2019-10-01",1.7004387853676135
"2019-10","October, 2019","60","Professional and Business Services",21649500,"2019-10-01",1.292266519442482
"2019-10","October, 2019","65","Education and Health Services",24618900,"2019-10-01",2.082797740975096
"2019-10","October, 2019","70","Leisure and Hospitality",16588400,"2019-10-01",1.495349975526187
"2019-10","October, 2019","80","Other Services",5875300,"2019-10-01",0.9172263350452601
"2019-10","October, 2019","90","Government",23559000,"2019-10-01",0.7492366510148051
"2019-11","November, 2019","15","Mining, Logging, and Construction",8335500,"2019-11-01",1.808877054986931
"2019-11","November, 2019","30","Manufacturing",12862700,"2019-11-01",0.044333825931399236
"2019-11","November, 2019","40","Trade, Transportation, and Utilities",28745700,"2019-11-01",0.5889269142749166
"2019-11","November, 2019","50","Information",2949200,"2019-11-01",2.0555055713198147
"2019-11","November, 2019","55","Financial Activities",8749300,"2019-11-01",1.6993874301124015
"2019-11","November, 2019","60","Professional and Business Services",21744700,"2019-11-01",1.345544369873229
"2019-11","November, 2019","65","Education and Health Services",24743300,"2019-11-01",2.242083906663857
"2019-11","November, 2019","70","Leisure and Hospitality",16398600,"2019-11-01",1.6986362536977433
"2019-11","November, 2019","80","Other Services",5875400,"2019-11-01",1.1848586091688766
"2019-11","November, 2019","90","Government",23693000,"2019-11-01",0.6743349069230867
"2019-12","December, 2019","15","Mining, Logging, and Construction",8190200,"2019-12-01",1.3902128028324194
"2019-12","December, 2019","30","Manufacturing",12875000,"2019-12-01",-0.10551960647393821
"2019-12","December, 2019","40","Trade, Transportation, and Utilities",28961300,"2019-12-01",0.818767601588799
"2019-12","December, 2019","50","Information",2933200,"2019-12-01",1.716544716856816
"2019-12","December, 2019","55","Financial Activities",8773200,"2019-12-01",1.8576138949519345
"2019-12","December, 2019","60","Professional and Business Services",21615500,"2019-12-01",1.372233607998912
"2019-12","December, 2019","65","Education and Health Services",24695000,"2019-12-01",2.1201457264197368
"2019-12","December, 2019","70","Leisure and Hospitality",16411500,"2019-12-01",1.6626298542411309
"2019-12","December, 2019","80","Other Services",5874200,"2019-12-01",1.3806910358634497
"2019-12","December, 2019","90","Government",23572200,"2019-12-01",0.641277431474682
"2020-01","January, 2020","15","Mining, Logging, and Construction",7929500,"2020-01-01",1.5938296754686037
"2020-01","January, 2020","30","Manufacturing",12760300,"2020-01-01",-0.28133132233536257
"2020-01","January, 2020","40","Trade, Transportation, and Utilities",27964800,"2020-01-01",0.4796757607441981
"2020-01","January, 2020","50","Information",2917300,"2020-01-01",2.3254998246229395
"2020-01","January, 2020","55","Financial Activities",8694200,"2020-01-01",1.8342391304347827
"2020-01","January, 2020","60","Professional and Business Services",21188800,"2020-01-01",1.6610211777801234
"2020-01","January, 2020","65","Education and Health Services",24446500,"2020-01-01",2.310583232891389
"2020-01","January, 2020","70","Leisure and Hospitality",16025900,"2020-01-01",1.6091706240766925
"2020-01","January, 2020","80","Other Services",5826300,"2020-01-01",1.59375054490924
"2020-01","January, 2020","90","Government",23211800,"2020-01-01",1.2673801224188854
"2020-02","February, 2020","15","Mining, Logging, and Construction",7959900,"2020-02-01",1.9193341869398208
"2020-02","February, 2020","30","Manufacturing",12785200,"2020-02-01",-0.45082573521968994
"2020-02","February, 2020","40","Trade, Transportation, and Utilities",27696800,"2020-02-01",0.6073462745553876
"2020-02","February, 2020","50","Information",2942700,"2020-02-01",1.8200062281581952
"2020-02","February, 2020","55","Financial Activities",8720300,"2020-02-01",1.7989306810487733
"2020-02","February, 2020","60","Professional and Business Services",21313300,"2020-02-01",1.5876874386326154
"2020-02","February, 2020","65","Education and Health Services",24748300,"2020-02-01",2.21966139218286
"2020-02","February, 2020","70","Leisure and Hospitality",16177400,"2020-02-01",1.6098133922907338
"2020-02","February, 2020","80","Other Services",5860600,"2020-02-01",1.6529929058331745
"2020-02","February, 2020","90","Government",23561500,"2020-02-01",1.0182644486365975
"2020-03","March, 2020","15","Mining, Logging, and Construction",7998200,"2020-03-01",0.8434935004349855
"2020-03","March, 2020","30","Manufacturing",12749000,"2020-03-01",-0.8122364510557518
"2020-03","March, 2020","40","Trade, Transportation, and Utilities",27609000,"2020-03-01",0.2665640116794259
"2020-03","March, 2020","50","Information",2927100,"2020-03-01",1.5120513265129183
"2020-03","March, 2020","55","Financial Activities",8695000,"2020-03-01",1.4455554129574968
"2020-03","March, 2020","60","Professional and Business Services",21179800,"2020-03-01",0.7755700201743367
"2020-03","March, 2020","65","Education and Health Services",24616400,"2020-03-01",1.4042965129451503
"2020-03","March, 2020","70","Leisure and Hospitality",15834200,"2020-03-01",-2.1093759659730207
"2020-03","March, 2020","80","Other Services",5785500,"2020-03-01",-0.17943718835728706
"2020-03","March, 2020","90","Government",23616300,"2020-03-01",0.8162185006680869
"2020-04","April, 2020","15","Mining, Logging, and Construction",7122900,"2020-04-01",-12.332459476424324
"2020-04","April, 2020","30","Manufacturing",11280000,"2020-04-01",-12.184412733260155
"2020-04","April, 2020","40","Trade, Transportation, and Utilities",24208700,"2020-04-01",-12.217347160780333
"2020-04","April, 2020","50","Information",2650600,"2020-04-01",-7.5640802092415
"2020-04","April, 2020","55","Financial Activities",8398100,"2020-04-01",-2.3862658948787687
"2020-04","April, 2020","60","Professional and Business Services",19282500,"2020-04-01",-9.28870489721033
"2020-04","April, 2020","65","Education and Health Services",21977600,"2020-04-01",-9.70657595253942
"2020-04","April, 2020","70","Leisure and Hospitality",8732700,"2020-04-01",-47.0241381193014
"2020-04","April, 2020","80","Other Services",4343000,"2020-04-01",-25.553250938512434
"2020-04","April, 2020","90","Government",22686900,"2020-04-01",-3.314354389164955
"2020-05","May, 2020","15","Mining, Logging, and Construction",7633700,"2020-05-01",-7.964505744909155
"2020-05","May, 2020","30","Manufacturing",11544300,"2020-05-01",-10.312546128328037
"2020-05","May, 2020","40","Trade, Transportation, and Utilities",24958700,"2020-05-01",-9.988351251248725
"2020-05","May, 2020","50","Information",2630400,"2020-05-01",-8.8059908473166
"2020-05","May, 2020","55","Financial Activities",8420100,"2020-05-01",-2.530473335108292
"2020-05","May, 2020","60","Professional and Business Services",19546300,"2020-05-01",-8.282421614722637
"2020-05","May, 2020","65","Education and Health Services",22285700,"2020-05-01",-8.263251705216708
"2020-05","May, 2020","70","Leisure and Hospitality",10018000,"2020-05-01",-40.510335572063966
"2020-05","May, 2020","80","Other Services",4617600,"2020-05-01",-21.398539499889356
"2020-05","May, 2020","90","Government",22195300,"2020-05-01",-5.427965162851738
"2020-06","June, 2020","15","Mining, Logging, and Construction",7888500,"2020-06-01",-6.346831926487873
"2020-06","June, 2020","30","Manufacturing",12055000,"2020-06-01",-7.059757761724502
"2020-06","June, 2020","40","Trade, Transportation, and Utilities",26073000,"2020-06-01",-6.364472153189777
"2020-06","June, 2020","50","Information",2630400,"2020-06-01",-9.726130825725857
"2020-06","June, 2020","55","Financial Activities",8488100,"2020-06-01",-2.6259034071354828
"2020-06","June, 2020","60","Professional and Business Services",19873500,"2020-06-01",-7.43681940550158
"2020-06","June, 2020","65","Education and Health Services",22510200,"2020-06-01",-6.262570739690432
"2020-06","June, 2020","70","Leisure and Hospitality",11841800,"2020-06-01",-31.093033540488328
"2020-06","June, 2020","80","Other Services",4979500,"2020-06-01",-16.137561682132812
"2020-06","June, 2020","90","Government",21669100,"2020-06-01",-5.567273583014478
"2020-07","July, 2020","15","Mining, Logging, and Construction",7909100,"2020-07-01",-6.647545530729554
"2020-07","July, 2020","30","Manufacturing",12070100,"2020-07-01",-6.872260971544966
"2020-07","July, 2020","40","Trade, Transportation, and Utilities",26465400,"2020-07-01",-4.901974875671947
"2020-07","July, 2020","50","Information",2632100,"2020-07-01",-9.459598913006088
"2020-07","July, 2020","55","Financial Activities",8538200,"2020-07-01",-2.5419762809756987
"2020-07","July, 2020","60","Professional and Business Services",20081000,"2020-07-01",-6.590441812650597
"2020-07","July, 2020","65","Education and Health Services",22537700,"2020-07-01",-5.61509307536068
"2020-07","July, 2020","70","Leisure and Hospitality",12525300,"2020-07-01",-27.284602121322955
"2020-07","July, 2020","80","Other Services",5125400,"2020-07-01",-13.574126534466476
"2020-07","July, 2020","90","Government",20799800,"2020-07-01",-4.979054075661156
"2020-08","August, 2020","15","Mining, Logging, and Construction",7956000,"2020-08-01",-6.386784016567044
"2020-08","August, 2020","30","Manufacturing",12115900,"2020-08-01",-6.511674562879056
"2020-08","August, 2020","40","Trade, Transportation, and Utilities",26704100,"2020-08-01",-4.110410502427394
"2020-08","August, 2020","50","Information",2648600,"2020-08-01",-9.508353548122587
"2020-08","August, 2020","55","Financial Activities",8560200,"2020-08-01",-2.3633004083308617
"2020-08","August, 2020","60","Professional and Business Services",20284900,"2020-08-01",-6.086251996573995
"2020-08","August, 2020","65","Education and Health Services",22772700,"2020-08-01",-5.25074163605121
"2020-08","August, 2020","70","Leisure and Hospitality",12720300,"2020-08-01",-26.01551776283647
"2020-08","August, 2020","80","Other Services",5136400,"2020-08-01",-13.074970384159757
"2020-08","August, 2020","90","Government",21512500,"2020-08-01",-3.28548371869282
"2020-09","September, 2020","15","Mining, Logging, and Construction",7913800,"2020-09-01",-6.181240515933232
"2020-09","September, 2020","30","Manufacturing",12132000,"2020-09-01",-5.883448147458574
"2020-09","September, 2020","40","Trade, Transportation, and Utilities",26836900,"2020-09-01",-3.3451344644651493
"2020-09","September, 2020","50","Information",2671500,"2020-09-01",-7.968168664737495
"2020-09","September, 2020","55","Financial Activities",8512700,"2020-09-01",-2.0718295600957113
"2020-09","September, 2020","60","Professional and Business Services",20257100,"2020-09-01",-5.597394003224874
"2020-09","September, 2020","65","Education and Health Services",23096100,"2020-09-01",-5.026235278636753
"2020-09","September, 2020","70","Leisure and Hospitality",12732700,"2020-09-01",-23.872074808375285
"2020-09","September, 2020","80","Other Services",5155500,"2020-09-01",-11.81903703070213
"2020-09","September, 2020","90","Government",22404800,"2020-09-01",-3.3450962459340294
"2020-10","October, 2020","15","Mining, Logging, and Construction",8002000,"2020-10-01",-5.120999774718695
"2020-10","October, 2020","30","Manufacturing",12152500,"2020-10-01",-5.221494306660427
"2020-10","October, 2020","40","Trade, Transportation, and Utilities",27202100,"2020-10-01",-2.993766404199475
"2020-10","October, 2020","50","Information",2693100,"2020-10-01",-7.303892885416308
"2020-10","October, 2020","55","Financial Activities",8548100,"2020-10-01",-2.1732661936369877
"2020-10","October, 2020","60","Professional and Business Services",20625300,"2020-10-01",-4.73082519226772
"2020-10","October, 2020","65","Education and Health Services",23424400,"2020-10-01",-4.851963328987079
"2020-10","October, 2020","70","Leisure and Hospitality",12853400,"2020-10-01",-22.515733886330207
"2020-10","October, 2020","80","Other Services",5200100,"2020-10-01",-11.4921791227682
"2020-10","October, 2020","90","Government",22564100,"2020-10-01",-4.2230145591918165
"2020-11","November, 2020","15","Mining, Logging, and Construction",7912500,"2020-11-01",-5.074680583048408
"2020-11","November, 2020","30","Manufacturing",12179900,"2020-11-01",-5.308372270207655
"2020-11","November, 2020","40","Trade, Transportation, and Utilities",27805500,"2020-11-01",-3.2707500600089747
"2020-11","November, 2020","50","Information",2693600,"2020-11-01",-8.66675708666757
"2020-11","November, 2020","55","Financial Activities",8556700,"2020-11-01",-2.2013189626598697
"2020-11","November, 2020","60","Professional and Business Services",20691300,"2020-11-01",-4.844398865010784
"2020-11","November, 2020","65","Education and Health Services",23497700,"2020-11-01",-5.034090036494728
"2020-11","November, 2020","70","Leisure and Hospitality",12709100,"2020-11-01",-22.498871854914444
"2020-11","November, 2020","80","Other Services",5187000,"2020-11-01",-11.71664907921163
"2020-11","November, 2020","90","Government",22579000,"2020-11-01",-4.701810661376777
"2020-12","December, 2020","15","Mining, Logging, and Construction",7812200,"2020-12-01",-4.61527191033186
"2020-12","December, 2020","30","Manufacturing",12243800,"2020-12-01",-4.90252427184466
"2020-12","December, 2020","40","Trade, Transportation, and Utilities",28111700,"2020-12-01",-2.933569970961248
"2020-12","December, 2020","50","Information",2694700,"2020-12-01",-8.131051411427793
"2020-12","December, 2020","55","Financial Activities",8580100,"2020-12-01",-2.2010212921169012
"2020-12","December, 2020","60","Professional and Business Services",20748700,"2020-12-01",-4.010085355416252
"2020-12","December, 2020","65","Education and Health Services",23406000,"2020-12-01",-5.219680097185665
"2020-12","December, 2020","70","Leisure and Hospitality",12234200,"2020-12-01",-25.453492977485297
"2020-12","December, 2020","80","Other Services",5154300,"2020-12-01",-12.25528582615505
"2020-12","December, 2020","90","Government",22374400,"2020-12-01",-5.081409456902622
"2021-01","January, 2021","15","Mining, Logging, and Construction",7553900,"2021-01-01",-4.7367425436660575
"2021-01","January, 2021","30","Manufacturing",12126200,"2021-01-01",-4.969318903160584
"2021-01","January, 2021","40","Trade, Transportation, and Utilities",27299700,"2021-01-01",-2.3783470648815657
"2021-01","January, 2021","50","Information",2685000,"2021-01-01",-7.962842354231653
"2021-01","January, 2021","55","Financial Activities",8518900,"2021-01-01",-2.01628671988222
"2021-01","January, 2021","60","Professional and Business Services",20388600,"2021-01-01",-3.7765234463490143
"2021-01","January, 2021","65","Education and Health Services",23180400,"2021-01-01",-5.179064487758984
"2021-01","January, 2021","70","Leisure and Hospitality",11949000,"2021-01-01",-25.43944489857044
"2021-01","January, 2021","80","Other Services",5126900,"2021-01-01",-12.004187906561626
"2021-01","January, 2021","90","Government",21990300,"2021-01-01",-5.262409636477998
"2021-02","February, 2021","15","Mining, Logging, and Construction",7490100,"2021-02-01",-5.902084197037651
"2021-02","February, 2021","30","Manufacturing",12182000,"2021-02-01",-4.717955135625567
"2021-02","February, 2021","40","Trade, Transportation, and Utilities",27161200,"2021-02-01",-1.9337974061985501
"2021-02","February, 2021","50","Information",2701300,"2021-02-01",-8.203350664355865
"2021-02","February, 2021","55","Financial Activities",8518100,"2021-02-01",-2.318727566712154
"2021-02","February, 2021","60","Professional and Business Services",20531500,"2021-02-01",-3.668132105305138
"2021-02","February, 2021","65","Education and Health Services",23442300,"2021-02-01",-5.27713014631308
"2021-02","February, 2021","70","Leisure and Hospitality",12380400,"2021-02-01",-23.471015119858567
"2021-02","February, 2021","80","Other Services",5160200,"2021-02-01",-11.950994778691602
"2021-02","February, 2021","90","Government",22323100,"2021-02-01",-5.256032086242387
"2021-03","March, 2021","15","Mining, Logging, and Construction",7706100,"2021-03-01",-3.6520717161361307
"2021-03","March, 2021","30","Manufacturing",12251500,"2021-03-01",-3.9022668444583886
"2021-03","March, 2021","40","Trade, Transportation, and Utilities",27263000,"2021-03-01",-1.2532145314933536
"2021-03","March, 2021","50","Information",2712400,"2021-03-01",-7.334904854634279
"2021-03","March, 2021","55","Financial Activities",8533200,"2021-03-01",-1.8608395629672223
"2021-03","March, 2021","60","Professional and Business Services",20660200,"2021-03-01",-2.4532809563829687
"2021-03","March, 2021","65","Education and Health Services",23565800,"2021-03-01",-4.26788644968395
"2021-03","March, 2021","70","Leisure and Hospitality",12798200,"2021-03-01",-19.17368733500903
"2021-03","March, 2021","80","Other Services",5207900,"2021-03-01",-9.983579638752053
"2021-03","March, 2021","90","Government",22443400,"2021-03-01",-4.966485012470201
"2021-04","April, 2021","15","Mining, Logging, and Construction",7878100,"2021-04-01",10.602423170337923
"2021-04","April, 2021","30","Manufacturing",12218800,"2021-04-01",8.322695035460994
"2021-04","April, 2021","40","Trade, Transportation, and Utilities",27218300,"2021-04-01",12.431894318984497
"2021-04","April, 2021","50","Information",2719300,"2021-04-01",2.591865992605448
"2021-04","April, 2021","55","Financial Activities",8542500,"2021-04-01",1.7194365392172037
"2021-04","April, 2021","60","Professional and Business Services",20881300,"2021-04-01",8.291455983404642
"2021-04","April, 2021","65","Education and Health Services",23606900,"2021-04-01",7.413457338380897
"2021-04","April, 2021","70","Leisure and Hospitality",13285600,"2021-04-01",52.1362236192701
"2021-04","April, 2021","80","Other Services",5263700,"2021-04-01",21.199631591066083
"2021-04","April, 2021","90","Government",22530200,"2021-04-01",-0.6907069718648207
"2021-05","May, 2021","15","Mining, Logging, and Construction",7994900,"2021-05-01",4.731650444738462
"2021-05","May, 2021","30","Manufacturing",12276600,"2021-05-01",6.343390244536265
"2021-05","May, 2021","40","Trade, Transportation, and Utilities",27360200,"2021-05-01",9.621895371153146
"2021-05","May, 2021","50","Information",2732400,"2021-05-01",3.8777372262773726
"2021-05","May, 2021","55","Financial Activities",8560600,"2021-05-01",1.668626263346041
"2021-05","May, 2021","60","Professional and Business Services",20975300,"2021-05-01",7.310846554079288
"2021-05","May, 2021","65","Education and Health Services",23592300,"2021-05-01",5.862952476251587
"2021-05","May, 2021","70","Leisure and Hospitality",13867900,"2021-05-01",38.42982631263725
"2021-05","May, 2021","80","Other Services",5307200,"2021-05-01",14.934164934164935
"2021-05","May, 2021","90","Government",22489800,"2021-05-01",1.326857487846526